,Category,Survival Rate
0,0-15,40.60606060606061
1,16-30,28.75536480686695
2,31-45,25.691244239631338
3,46-60,33.61344537815126
4,61-75,17.073170731707318
0,Female,67.1280276816609
1,Male,23.6745886654479
0,1,57.42857142857143
1,2,40.27303754266212
2,3,25.52891396332863
3,4,18.844444444444445
